{
  "formatVersion": 1,
  "database": {
    "version": 4,
    "identityHash": "282372e1874072a008d7ff5985cf0929",
    "entities": [
      {
        "tableName": "recurring_expenses",
        "createSql": "CREATE TABLE IF NOT EXISTS `${TABLE_NAME}` (`id` INTEGER PRIMARY KEY AUTOINCREMENT NOT NULL, `name` TEXT, `description` TEXT, `price` REAL, `everyXRecurrence` INTEGER, `recurrence` INTEGER, `firstPayment` INTEGER, `color` INTEGER)",
        "fields": [
          {
            "fieldPath": "id",
            "columnName": "id",
            "affinity": "INTEGER",
            "notNull": true
          },
          {
            "fieldPath": "name",
            "columnName": "name",
            "affinity": "TEXT",
            "notNull": false
          },
          {
            "fieldPath": "description",
            "columnName": "description",
            "affinity": "TEXT",
            "notNull": false
          },
          {
            "fieldPath": "price",
            "columnName": "price",
            "affinity": "REAL",
            "notNull": false
          },
          {
            "fieldPath": "everyXRecurrence",
            "columnName": "everyXRecurrence",
            "affinity": "INTEGER",
            "notNull": false
          },
          {
            "fieldPath": "recurrence",
            "columnName": "recurrence",
            "affinity": "INTEGER",
            "notNull": false
          },
          {
            "fieldPath": "firstPayment",
            "columnName": "firstPayment",
            "affinity": "INTEGER",
            "notNull": false
          },
          {
            "fieldPath": "color",
            "columnName": "color",
            "affinity": "INTEGER",
            "notNull": false
          }
        ],
        "primaryKey": {
          "autoGenerate": true,
          "columnNames": [
            "id"
          ]
        },
        "indices": [],
        "foreignKeys": []
      }
    ],
    "views": [],
    "setupQueries": [
      "CREATE TABLE IF NOT EXISTS room_master_table (id INTEGER PRIMARY KEY,identity_hash TEXT)",
      "INSERT OR REPLACE INTO room_master_table (id,identity_hash) VALUES(42, '282372e1874072a008d7ff5985cf0929')"
    ]
  }
}